[
    { 
        "id": "0",
        "name": "Tubby Todd Bath Co Dream",
        "category": "kid's skin care product",
        "imageUrl": [
    
            "https://m.media-amazon.com/images/I/41rNJKxcS0L._SX300_SY300_QL70_FMwebp_.jpg",
            "https://m.media-amazon.com/images/I/41rNJKxcS0L._SX300_SY300_QL70_FMwebp_.jpg"
        ],
        "branch":[
            {"branch": "An","isSelected":false},
            {"branch": "Co","isSelected":false},
            {"branch": "Ha","isSelected":false},
            {"branch": "Ka","isSelected":false},
            {"branch": "Jaf","isSelected":false}
    
        ],
        "oldPrice": "650.00",
        "price": "500.00",
        "description": "Discover Pinterests best ideas and inspiration for Acne face wash. Get inspired and try out new things.",
        "brand": "Janet "
    },

    {
        "id": "1",
        "name": "Baby Magic Baby Lotion Gentle",
        "category": "kid's hair care product",
        "imageUrl": [
            "https://m.media-amazon.com/images/I/41rNJKxcS0L._SX300_SY300_QL70_FMwebp_.jpg",
            "https://m.media-amazon.com/images/I/41rNJKxcS0L._SX300_SY300_QL70_FMwebp_.jpg"
        ],
        "branch":[
            {"branch": "An","isSelected":false},
            {"branch": "Co","isSelected":false},
            {"branch": "Ha","isSelected":false},
            {"branch": "Ka","isSelected":false},
            {"branch": "Jaf","isSelected":false}

        ],
        "oldPrice": "650.00",
        "price": "800.00",
        "description": "Discover Pinterests best ideas and inspiration for Acne face wash. Get inspired and try out new things.",
        "brand": "Sanoda"
    },

    {
        "id": "2",
        "name": "Baby Magic Baby Lotion Gentle",
        "category": "kid's hair care product",
        "imageUrl": [

            "https://m.media-amazon.com/images/I/41rNJKxcS0L._SX300_SY300_QL70_FMwebp_.jpg",
            "https://m.media-amazon.com/images/I/41rNJKxcS0L._SX300_SY300_QL70_FMwebp_.jpg"
        ],
        "branch":[
            {"branch": "An","isSelected":false},
            {"branch": "Co","isSelected":false},
            {"branch": "Ha","isSelected":false},
            {"branch": "Ka","isSelected":false},
            {"branch": "Jaf","isSelected":false}

        ],
        "oldPrice": "650.00",
        "price": "800.00",
        "description": "Discover Pinterests best ideas and inspiration for Acne face wash. Get inspired and try out new things.",
        "brand": "Sanoda"
    },
    {
        "id": "2",
        "name": "Baby Magic Baby Lotion Gentle",
        "category": "kid's skin care product",
        "imageUrl": [

            "https://m.media-amazon.com/images/I/41rNJKxcS0L._SX300_SY300_QL70_FMwebp_.jpg",
            "https://m.media-amazon.com/images/I/41rNJKxcS0L._SX300_SY300_QL70_FMwebp_.jpg"
        ],
        "branch":[
            {"branch": "An","isSelected":false},
            {"branch": "Co","isSelected":false},
            {"branch": "Ha","isSelected":false},
            {"branch": "Ka","isSelected":false},
            {"branch": "Jaf","isSelected":false}

        ],
        "oldPrice": "650.00",
        "price": "800.00",
        "description": "Discover Pinterests best ideas and inspiration for Acne face wash. Get inspired and try out new things.",
        "brand": "Sanoda"
    }

    
    
]