[
    { 
        "id": "0",
        "name": "Neutrogena Hydro",
        "category": "Men's hair care product",
        "imageUrl": [
    
            "https://m.media-amazon.com/images/I/41rNJKxcS0L._SX300_SY300_QL70_FMwebp_.jpg",
            "https://m.media-amazon.com/images/I/41rNJKxcS0L._SX300_SY300_QL70_FMwebp_.jpg"
        ],
        "branch":[
            {"branch": "An","isSelected":false},
            {"branch": "Co","isSelected":false},
            {"branch": "Ha","isSelected":false},
            {"branch": "Ka","isSelected":false},
            {"branch": "Jaf","isSelected":false}
    
        ],
        "oldPrice": "750.00",
        "price": "620.00",
        "description": "Discover Pinterests best ideas and inspiration for Acne face wash. Get inspired and try out new things.",
        "brand": "Janet "
    },

    {
        "id": "1",
        "name": "Golden purl",
        "category": "Men's skin care product",
        "imageUrl": [
            "https://m.media-amazon.com/images/I/41rNJKxcS0L._SX300_SY300_QL70_FMwebp_.jpg",
            "https://m.media-amazon.com/images/I/41rNJKxcS0L._SX300_SY300_QL70_FMwebp_.jpg"
        ],
        "branch":[
            {"branch": "An","isSelected":false},
            {"branch": "Co","isSelected":false},
            {"branch": "Ha","isSelected":false},
            {"branch": "Ka","isSelected":false},
            {"branch": "Jaf","isSelected":false}

        ],
        "oldPrice": "650.00",
        "price": "800.00",
        "description": "Discover Pinterests best ideas and inspiration for Acne face wash. Get inspired and try out new things.",
        "brand": "Sanoda"
    },
    {
        "id": "1",
        "name": "Golden purl222",
        "category": "Men's skin care product",
        "imageUrl": [
            "https://m.media-amazon.com/images/I/41rNJKxcS0L._SX300_SY300_QL70_FMwebp_.jpg",
            "https://m.media-amazon.com/images/I/41rNJKxcS0L._SX300_SY300_QL70_FMwebp_.jpg"
        ],
        "branch":[
            {"branch": "An","isSelected":false},
            {"branch": "Co","isSelected":false},
            {"branch": "Ha","isSelected":false},
            {"branch": "Ka","isSelected":false},
            {"branch": "Jaf","isSelected":false}

        ],
        "oldPrice": "650.00",
        "price": "800.00",
        "description": "Discover Pinterests best ideas and inspiration for Acne face wash. Get inspired and try out new things.",
        "brand": "Sanoda"
    },
    {
        "id": "1",
        "name": "Golden purl333",
        "category": "Men's makeup product",
        "imageUrl": [
            "https://m.media-amazon.com/images/I/41rNJKxcS0L._SX300_SY300_QL70_FMwebp_.jpg",
            "https://m.media-amazon.com/images/I/41rNJKxcS0L._SX300_SY300_QL70_FMwebp_.jpg"
        ],
        "branch":[
            {"branch": "An","isSelected":false},
            {"branch": "Co","isSelected":false},
            {"branch": "Ha","isSelected":false},
            {"branch": "Ka","isSelected":false},
            {"branch": "Jaf","isSelected":false}

        ],
        "oldPrice": "650.00",
        "price": "800.00",
        "description": "Discover Pinterests best ideas and inspiration for Acne face wash. Get inspired and try out new things.",
        "brand": "Sanoda"
    }

    
    
]